{
  "archs": {
    "dense_crt": {
      "n_params": 801664,
      "n_attn_params": 264192,
      "val_fp32": 2.439574755728245,
      "quantized": {
        "4": {
          "val": 7.848854899406433,
          "delta": 5.409280143678188,
          "params_quantized": 801664,
          "avg_unique_tier_values": 5.784313725490196
        },
        "8": {
          "val": 3.4171799793839455,
          "delta": 0.9776052236557007,
          "params_quantized": 801664,
          "avg_unique_tier_values": 12.254901960784315
        },
        "16": {
          "val": 3.404290087521076,
          "delta": 0.9647153317928314,
          "params_quantized": 801664,
          "avg_unique_tier_values": 19.96078431372549
        },
        "32": {
          "val": 3.4040319994091988,
          "delta": 0.964457243680954,
          "params_quantized": 801664,
          "avg_unique_tier_values": 24.235294117647058
        }
      }
    },
    "tied_substrate": {
      "n_params": 668536,
      "n_attn_params": 131072,
      "val_fp32": 2.592747889459133,
      "quantized": {
        "4": {
          "val": 6.7923648953437805,
          "delta": 4.199617005884647,
          "params_quantized": 668536,
          "avg_unique_tier_values": 6.373831775700935
        },
        "8": {
          "val": 3.584361217916012,
          "delta": 0.9916133284568787,
          "params_quantized": 668536,
          "avg_unique_tier_values": 13.598130841121495
        },
        "16": {
          "val": 3.6512366607785225,
          "delta": 1.0584887713193893,
          "params_quantized": 668536,
          "avg_unique_tier_values": 22.289719626168225
        },
        "32": {
          "val": 3.6507833153009415,
          "delta": 1.0580354258418083,
          "params_quantized": 668536,
          "avg_unique_tier_values": 26.14018691588785
        }
      }
    }
  }
}