{
  "dense_crt": {
    "arch": "dense_crt",
    "n_params": 801664,
    "final_val": 2.5777537748217583,
    "wall_time": 32.034494161605835,
    "val_history": [
      [
        0,
        92.43370771408081,
        0.1055147647857666
      ],
      [
        300,
        2.98776376247406,
        5.960666179656982
      ],
      [
        600,
        2.749406397342682,
        11.997703552246094
      ],
      [
        900,
        2.6236911714076996,
        18.53162455558777
      ],
      [
        1200,
        2.625833183526993,
        24.562809228897095
      ],
      [
        1499,
        2.5720113068819046,
        31.758852005004883
      ]
    ]
  },
  "fibgen_K8_separable": {
    "arch": "fibgen_K8_separable",
    "n_params": 7488,
    "final_val": 3.6654106080532074,
    "wall_time": 54.30056691169739,
    "val_history": [
      [
        0,
        10.68984055519104,
        0.2556941509246826
      ],
      [
        300,
        3.77787584066391,
        11.430232524871826
      ],
      [
        600,
        3.7389563769102097,
        22.303525924682617
      ],
      [
        900,
        3.6986380517482758,
        32.861305952072144
      ],
      [
        1200,
        3.702085793018341,
        43.44569778442383
      ],
      [
        1499,
        3.6487240940332413,
        53.92585468292236
      ]
    ]
  },
  "fibgen_K16_separable": {
    "arch": "fibgen_K16_separable",
    "n_params": 8064,
    "final_val": 3.0957202166318893,
    "wall_time": 52.88656949996948,
    "val_history": [
      [
        0,
        5.270427733659744,
        0.22979164123535156
      ],
      [
        300,
        3.4604132622480392,
        10.25110387802124
      ],
      [
        600,
        3.3882848024368286,
        20.309502601623535
      ],
      [
        900,
        3.309043675661087,
        31.00128698348999
      ],
      [
        1200,
        3.209330752491951,
        41.535404920578
      ],
      [
        1499,
        3.089534282684326,
        52.45738863945007
      ]
    ]
  },
  "fibgen_K32_separable": {
    "arch": "fibgen_K32_separable",
    "n_params": 9216,
    "final_val": 2.817013666033745,
    "wall_time": 53.714813232421875,
    "val_history": [
      [
        0,
        5.498583108186722,
        0.2555506229400635
      ],
      [
        300,
        3.2977476567029953,
        11.470674276351929
      ],
      [
        600,
        3.0372563153505325,
        22.02920436859131
      ],
      [
        900,
        2.8655585944652557,
        32.29750108718872
      ],
      [
        1200,
        2.842848986387253,
        42.76776170730591
      ],
      [
        1499,
        2.804808273911476,
        53.317734718322754
      ]
    ]
  },
  "fibgen_K8_cross": {
    "arch": "fibgen_K8_cross",
    "n_params": 11520,
    "final_val": 3.238311789929867,
    "wall_time": 62.69763922691345,
    "val_history": [
      [
        0,
        5.930548310279846,
        0.2681772708892822
      ],
      [
        300,
        3.7274989187717438,
        12.496858358383179
      ],
      [
        600,
        3.6678294092416763,
        24.905139684677124
      ],
      [
        900,
        3.5566971749067307,
        36.952484369277954
      ],
      [
        1200,
        3.3120691627264023,
        49.442238092422485
      ],
      [
        1499,
        3.21733158826828,
        62.29671120643616
      ]
    ]
  },
  "fibgen_K16_cross": {
    "arch": "fibgen_K16_cross",
    "n_params": 25344,
    "final_val": 2.8083314821124077,
    "wall_time": 63.90132761001587,
    "val_history": [
      [
        0,
        5.55861234664917,
        0.24887394905090332
      ],
      [
        300,
        2.939669743180275,
        11.563780546188354
      ],
      [
        600,
        2.842388302087784,
        24.160583019256592
      ],
      [
        900,
        2.8166563361883163,
        37.41888475418091
      ],
      [
        1200,
        2.866370067000389,
        50.43256139755249
      ],
      [
        1499,
        2.7990280389785767,
        63.4848952293396
      ]
    ]
  },
  "fibgen_K32_cross": {
    "arch": "fibgen_K32_cross",
    "n_params": 80640,
    "final_val": 2.740226872265339,
    "wall_time": 70.79672813415527,
    "val_history": [
      [
        0,
        4.959010481834412,
        0.2597811222076416
      ],
      [
        300,
        2.93136265873909,
        13.494093418121338
      ],
      [
        600,
        2.790620818734169,
        28.220962285995483
      ],
      [
        900,
        2.759889006614685,
        42.29936075210571
      ],
      [
        1200,
        2.745063379406929,
        56.51250886917114
      ],
      [
        1499,
        2.7335409969091415,
        70.3708074092865
      ]
    ]
  }
}