{
  "dense_crt": {
    "arch": "dense_crt",
    "n_params": 801664,
    "final_val": 2.5777537748217583,
    "wall_time": 30.45051670074463,
    "val_history": [
      [
        0,
        92.43370771408081,
        0.12498211860656738
      ],
      [
        300,
        2.98776376247406,
        6.0834479331970215
      ],
      [
        600,
        2.749406397342682,
        12.018410205841064
      ],
      [
        900,
        2.6236911714076996,
        18.502915382385254
      ],
      [
        1200,
        2.625833183526993,
        24.4378981590271
      ],
      [
        1499,
        2.5720113068819046,
        30.281076192855835
      ]
    ]
  },
  "fibgen_K8": {
    "arch": "fibgen_K8",
    "n_params": 7488,
    "final_val": 3.7016741186380386,
    "wall_time": 51.84479117393494,
    "val_history": [
      [
        0,
        10.689840495586395,
        0.2191605567932129
      ],
      [
        300,
        3.7818084955215454,
        10.613316535949707
      ],
      [
        600,
        3.7438138276338577,
        21.274232864379883
      ],
      [
        900,
        3.7056711614131927,
        31.369150638580322
      ],
      [
        1200,
        3.7190408557653427,
        41.326937675476074
      ],
      [
        1499,
        3.68736432492733,
        51.48715877532959
      ]
    ]
  },
  "fibgen_K16": {
    "arch": "fibgen_K16",
    "n_params": 8064,
    "final_val": 3.0738323628902435,
    "wall_time": 51.0189414024353,
    "val_history": [
      [
        0,
        5.270427733659744,
        0.22154569625854492
      ],
      [
        300,
        3.4653717428445816,
        10.3959481716156
      ],
      [
        600,
        3.385388121008873,
        20.305410861968994
      ],
      [
        900,
        3.3016102463006973,
        30.462305068969727
      ],
      [
        1200,
        3.209974527359009,
        40.71390914916992
      ],
      [
        1499,
        3.049571231007576,
        50.648112297058105
      ]
    ]
  },
  "fibgen_K32": {
    "arch": "fibgen_K32",
    "n_params": 8064,
    "final_val": 3.075586788356304,
    "wall_time": 51.82205152511597,
    "val_history": [
      [
        0,
        5.270427852869034,
        0.2245779037475586
      ],
      [
        300,
        3.4645266234874725,
        10.148359298706055
      ],
      [
        600,
        3.387085035443306,
        20.31537890434265
      ],
      [
        900,
        3.2935211956501007,
        30.308318853378296
      ],
      [
        1200,
        3.184066519141197,
        40.57164764404297
      ],
      [
        1499,
        3.0498118847608566,
        51.42273998260498
      ]
    ]
  }
}