{
  "dense_crt": {
    "arch": "dense_crt",
    "n_params": 801664,
    "final_val": 2.5602230206131935,
    "wall_time": 49.024354457855225,
    "val_history": [
      [
        0,
        92.43370771408081,
        0.10876584053039551
      ],
      [
        300,
        2.98776376247406,
        5.3295581340789795
      ],
      [
        600,
        2.749406397342682,
        11.435869932174683
      ],
      [
        900,
        2.6236911714076996,
        17.805394649505615
      ],
      [
        1200,
        2.625833183526993,
        23.5450336933136
      ],
      [
        1500,
        2.5822636634111404,
        29.158379316329956
      ],
      [
        1800,
        2.5743977576494217,
        34.97354340553284
      ],
      [
        2100,
        2.560856521129608,
        40.879321813583374
      ],
      [
        2400,
        2.5528121292591095,
        46.79512023925781
      ],
      [
        2499,
        2.575013518333435,
        48.8493754863739
      ]
    ]
  },
  "fibgen_K16_separable": {
    "arch": "fibgen_K16_separable",
    "n_params": 8064,
    "final_val": 2.902008831501007,
    "wall_time": 58.964789390563965,
    "val_history": [
      [
        0,
        5.270428001880646,
        0.15264534950256348
      ],
      [
        300,
        3.4643709510564804,
        7.071675539016724
      ],
      [
        600,
        3.3865112960338593,
        14.172980785369873
      ],
      [
        900,
        3.305111363530159,
        21.31161069869995
      ],
      [
        1200,
        3.2289299070835114,
        28.397788286209106
      ],
      [
        1500,
        3.0719925612211227,
        35.42947506904602
      ],
      [
        1800,
        2.9877236634492874,
        42.33727979660034
      ],
      [
        2100,
        2.954200729727745,
        49.212780714035034
      ],
      [
        2400,
        2.8961553126573563,
        56.331286907196045
      ],
      [
        2499,
        2.9088927507400513,
        58.72295355796814
      ]
    ]
  },
  "fibgen_K32_separable": {
    "arch": "fibgen_K32_separable",
    "n_params": 9216,
    "final_val": 2.7281879782676697,
    "wall_time": 66.19854712486267,
    "val_history": [
      [
        0,
        5.49858295917511,
        0.1640477180480957
      ],
      [
        300,
        3.3001507967710495,
        7.89574122428894
      ],
      [
        600,
        3.0636631697416306,
        15.41629934310913
      ],
      [
        900,
        2.8641782253980637,
        23.382102489471436
      ],
      [
        1200,
        2.831878826022148,
        31.46604561805725
      ],
      [
        1500,
        2.796993166208267,
        40.040778160095215
      ],
      [
        1800,
        2.7588206231594086,
        47.84621453285217
      ],
      [
        2100,
        2.753335326910019,
        55.48466753959656
      ],
      [
        2400,
        2.7218541502952576,
        63.28416299819946
      ],
      [
        2499,
        2.7392602413892746,
        65.91092014312744
      ]
    ]
  }
}