{
  "dense_crt": {
    "name": "dense_crt",
    "n_params": 820224,
    "compression": null,
    "best_val": 2.3585536032915115,
    "best_step": 14000,
    "wall": 320.12778401374817,
    "val_history": [
      [
        0,
        74.12164115905762,
        1.5389604568481445
      ],
      [
        1000,
        2.6699685752391815,
        18.258997440338135
      ],
      [
        2000,
        2.635828420519829,
        34.629740953445435
      ],
      [
        3000,
        2.5784894973039627,
        50.6485812664032
      ],
      [
        4000,
        2.5329787135124207,
        66.5864942073822
      ],
      [
        5000,
        2.58478444814682,
        82.54395008087158
      ],
      [
        6000,
        2.564540222287178,
        99.69954085350037
      ],
      [
        7000,
        2.5169964730739594,
        115.36637997627258
      ],
      [
        8000,
        2.4647441655397415,
        131.29607105255127
      ],
      [
        9000,
        2.5298110246658325,
        146.94664406776428
      ],
      [
        10000,
        2.4891278594732285,
        162.82440519332886
      ],
      [
        11000,
        2.494879186153412,
        178.7105793952942
      ],
      [
        12000,
        2.4698221683502197,
        195.0146563053131
      ],
      [
        13000,
        2.412221923470497,
        210.4119005203247
      ],
      [
        14000,
        2.3585536032915115,
        225.95932745933533
      ],
      [
        15000,
        2.4150264263153076,
        241.42276740074158
      ],
      [
        16000,
        2.4743617326021194,
        256.76004815101624
      ],
      [
        17000,
        2.4167882800102234,
        272.274781703949
      ],
      [
        18000,
        2.415430411696434,
        288.54157996177673
      ],
      [
        19000,
        2.4434062242507935,
        304.7922682762146
      ],
      [
        19999,
        2.416869193315506,
        320.1262435913086
      ]
    ]
  },
  "fibrec_fibadamw": {
    "name": "fibrec_fibadamw",
    "n_params": 70144,
    "compression": 11.624087591240876,
    "best_val": 2.5799055248498917,
    "best_step": 14000,
    "wall": 468.50587582588196,
    "val_history": [
      [
        0,
        23.926826119422913,
        0.1535811424255371
      ],
      [
        1000,
        2.845923036336899,
        24.381837129592896
      ],
      [
        2000,
        2.7982216626405716,
        48.440794229507446
      ],
      [
        3000,
        2.7322707027196884,
        73.67642974853516
      ],
      [
        4000,
        2.6847778260707855,
        97.28385472297668
      ],
      [
        5000,
        2.7560307383537292,
        121.60143327713013
      ],
      [
        6000,
        2.7510617077350616,
        144.35192155838013
      ],
      [
        7000,
        2.6750695258378983,
        167.73438382148743
      ],
      [
        8000,
        2.6646678894758224,
        191.07229018211365
      ],
      [
        9000,
        2.7473384141921997,
        214.5007791519165
      ],
      [
        10000,
        2.6677056550979614,
        237.21206212043762
      ],
      [
        11000,
        2.7031652480363846,
        259.5860085487366
      ],
      [
        12000,
        2.654255911707878,
        282.3477931022644
      ],
      [
        13000,
        2.6428652107715607,
        305.4502806663513
      ],
      [
        14000,
        2.5799055248498917,
        328.93163776397705
      ],
      [
        15000,
        2.6864057183265686,
        351.7351248264313
      ],
      [
        16000,
        2.681470364332199,
        373.80228447914124
      ],
      [
        17000,
        2.6266406774520874,
        396.6771500110626
      ],
      [
        18000,
        2.6226258128881454,
        421.0181243419647
      ],
      [
        19000,
        2.6944133639335632,
        444.4432680606842
      ],
      [
        19999,
        2.6505944579839706,
        468.5049817562103
      ]
    ]
  }
}