{
  "distractor_frac": 0.2,
  "steps": 1500,
  "seeds": [
    42,
    7,
    123
  ],
  "per_seed": [
    {
      "seed": 42,
      "archs": {
        "crt_only": {
          "final_val": 2.4890373398860297,
          "n_params": 801664,
          "time": 145.70359873771667
        },
        "token_crt": {
          "final_val": 2.5618566075960794,
          "n_params": 801664,
          "time": 141.30104660987854
        },
        "hybrid_geodesic": {
          "final_val": 2.4765012164910636,
          "n_params": 801668,
          "time": 142.7163336277008
        },
        "transformerless": {
          "final_val": 2.544914722442627,
          "n_params": 801668,
          "time": 139.56973242759705
        }
      }
    },
    {
      "seed": 7,
      "archs": {
        "crt_only": {
          "final_val": 2.443039913972219,
          "n_params": 801664,
          "time": 135.42507934570312
        },
        "token_crt": {
          "final_val": 2.532753442724546,
          "n_params": 801664,
          "time": 140.87291598320007
        },
        "hybrid_geodesic": {
          "final_val": 2.4366588244835534,
          "n_params": 801668,
          "time": 139.90364122390747
        },
        "transformerless": {
          "final_val": 2.525121678908666,
          "n_params": 801668,
          "time": 142.91144466400146
        }
      }
    },
    {
      "seed": 123,
      "archs": {
        "crt_only": {
          "final_val": 2.44628336528937,
          "n_params": 801664,
          "time": 138.77686476707458
        },
        "token_crt": {
          "final_val": 2.5847405195236206,
          "n_params": 801664,
          "time": 142.44012665748596
        },
        "hybrid_geodesic": {
          "final_val": 2.438537503282229,
          "n_params": 801668,
          "time": 142.07819652557373
        },
        "transformerless": {
          "final_val": 2.582159693042437,
          "n_params": 801668,
          "time": 143.6272349357605
        }
      }
    }
  ],
  "summary": {
    "crt_only": {
      "mean": 2.459453539715873,
      "std": 0.025671597505658058,
      "vals": [
        2.4890373398860297,
        2.443039913972219,
        2.44628336528937
      ]
    },
    "token_crt": {
      "mean": 2.5597835232814155,
      "std": 0.026055465788582657,
      "vals": [
        2.5618566075960794,
        2.532753442724546,
        2.5847405195236206
      ]
    },
    "hybrid_geodesic": {
      "mean": 2.450565848085615,
      "std": 0.022480321600277235,
      "vals": [
        2.4765012164910636,
        2.4366588244835534,
        2.438537503282229
      ]
    },
    "transformerless": {
      "mean": 2.5507320314645767,
      "std": 0.028960569353410643,
      "vals": [
        2.544914722442627,
        2.525121678908666,
        2.582159693042437
      ]
    }
  }
}