{
  "fib_positions": [
    0,
    1,
    2,
    3,
    5,
    8,
    13,
    21,
    34,
    55,
    89
  ],
  "io": {
    "dense_tps": 6326071.006453157,
    "fib_strided_tps": 615049.2649294924,
    "io_speedup": 1.1313399570913787,
    "tokens_per_step_ratio": 11.636363636363637
  },
  "training": {
    "dense": {
      "final_val": 2.439574755728245,
      "wall_time": 165.73717188835144,
      "val_history": [
        [
          0,
          93.84651374816895,
          0.6487147808074951
        ],
        [
          300,
          2.9589420706033707,
          34.95324182510376
        ],
        [
          600,
          2.7304074317216873,
          67.44706463813782
        ],
        [
          900,
          2.633310705423355,
          99.65429472923279
        ],
        [
          1200,
          2.5748927742242813,
          132.35856246948242
        ],
        [
          1499,
          2.4448484927415848,
          164.80518317222595
        ]
      ],
      "n_params": 801664
    },
    "fib_strided": {
      "final_val": 2.527419835329056,
      "wall_time": 29.47221612930298,
      "val_history": [
        [
          0,
          92.4401741027832,
          0.11414289474487305
        ],
        [
          300,
          2.9404813647270203,
          5.8881285190582275
        ],
        [
          600,
          2.710630863904953,
          11.654790163040161
        ],
        [
          900,
          2.5755429416894913,
          17.463533639907837
        ],
        [
          1200,
          2.6059189289808273,
          23.19077968597412
        ],
        [
          1499,
          2.6035294383764267,
          29.29991126060486
        ]
      ],
      "n_params": 801664
    }
  }
}