{
  "static_K89": {
    "name": "static_K89",
    "n_params": 327464,
    "compression": 2.4332445703955243,
    "best_val": 2.6135474741458893,
    "best_step": 7992,
    "final_val": 2.6447359025478363,
    "wall": 348.57527446746826,
    "K_history": []
  },
  "static_K5": {
    "name": "static_K5",
    "n_params": 11624,
    "compression": 68.54783207157605,
    "best_val": 2.7394872158765793,
    "best_step": 9999,
    "final_val": 2.7567611783742905,
    "wall": 192.18890738487244,
    "K_history": []
  },
  "shrink": {
    "name": "shrink_K89_to_K5",
    "n_params": 327464,
    "compression": 2.4332445703955243,
    "best_val": 2.6534976810216904,
    "best_step": 9999,
    "final_val": 2.670667164027691,
    "wall": 354.41470098495483,
    "K_history": [
      [
        0,
        89
      ],
      [
        1,
        55
      ],
      [
        3184,
        34
      ],
      [
        6366,
        21
      ],
      [
        9553,
        13
      ]
    ]
  }
}