{
  "subsim_baseline": {
    "name": "subsim_baseline",
    "n_params": 95104,
    "best_val": 2.8879094272851944,
    "best_step": 1999,
    "wall": 58.36698579788208,
    "val_history": [
      [
        0,
        23.46745204925537,
        0.1848466396331787
      ],
      [
        250,
        3.2276345640420914,
        6.863551378250122
      ],
      [
        500,
        2.918685555458069,
        13.568280458450317
      ],
      [
        750,
        2.945304423570633,
        20.814383268356323
      ],
      [
        1000,
        3.2102661728858948,
        27.983689785003662
      ],
      [
        1250,
        3.165645971894264,
        35.199105739593506
      ],
      [
        1500,
        3.108513221144676,
        42.69534516334534
      ],
      [
        1750,
        2.994319409132004,
        50.565465688705444
      ],
      [
        1999,
        2.8879094272851944,
        58.36693286895752
      ]
    ]
  },
  "fibrec_n4": {
    "name": "fibrec_n4",
    "n_params": 51584,
    "best_val": 3.1133437156677246,
    "best_step": 1000,
    "wall": 59.67633867263794,
    "val_history": [
      [
        0,
        22.05226969718933,
        0.1627027988433838
      ],
      [
        250,
        3.212829753756523,
        7.155796766281128
      ],
      [
        500,
        3.1599534451961517,
        14.333874702453613
      ],
      [
        750,
        3.2298018038272858,
        21.756480932235718
      ],
      [
        1000,
        3.1133437156677246,
        29.04759192466736
      ],
      [
        1250,
        3.2733187824487686,
        36.67519211769104
      ],
      [
        1500,
        3.2102013379335403,
        44.43374466896057
      ],
      [
        1750,
        3.283748760819435,
        52.13103723526001
      ],
      [
        1999,
        3.2118657678365707,
        59.67628479003906
      ]
    ]
  },
  "fibrec_n8": {
    "name": "fibrec_n8",
    "n_params": 53632,
    "best_val": 3.341850057244301,
    "best_step": 1250,
    "wall": 127.59383082389832,
    "val_history": [
      [
        0,
        21.89773440361023,
        0.35393333435058594
      ],
      [
        250,
        3.532074809074402,
        15.579437732696533
      ],
      [
        500,
        3.3736018538475037,
        30.96949863433838
      ],
      [
        750,
        3.391455203294754,
        46.14973831176758
      ],
      [
        1000,
        3.4107865393161774,
        62.37572646141052
      ],
      [
        1250,
        3.341850057244301,
        78.42866492271423
      ],
      [
        1500,
        3.3931350708007812,
        94.73667526245117
      ],
      [
        1750,
        3.3706333190202713,
        111.22025346755981
      ],
      [
        1999,
        3.3495617359876633,
        127.5937762260437
      ]
    ]
  },
  "subsim_fibadamw": {
    "name": "subsim_fibadamw",
    "n_params": 95104,
    "best_val": 2.624478802084923,
    "best_step": 1999,
    "wall": 61.427181243896484,
    "val_history": [
      [
        0,
        20.9709153175354,
        0.18717050552368164
      ],
      [
        250,
        2.838072657585144,
        7.975876569747925
      ],
      [
        500,
        2.7410379499197006,
        15.962995767593384
      ],
      [
        750,
        2.7530420273542404,
        23.581891298294067
      ],
      [
        1000,
        2.743051990866661,
        31.132638931274414
      ],
      [
        1250,
        2.662027671933174,
        38.54081153869629
      ],
      [
        1500,
        2.6815614253282547,
        46.12116479873657
      ],
      [
        1750,
        2.6806075870990753,
        53.90068459510803
      ],
      [
        1999,
        2.624478802084923,
        61.42708873748779
      ]
    ]
  },
  "fibrec_fibadamw": {
    "name": "fibrec_fibadamw",
    "n_params": 51584,
    "best_val": 2.8332898318767548,
    "best_step": 1999,
    "wall": 61.58543014526367,
    "val_history": [
      [
        0,
        22.052383184432983,
        0.16803646087646484
      ],
      [
        250,
        3.4002631157636642,
        7.414148569107056
      ],
      [
        500,
        3.161683216691017,
        15.088403940200806
      ],
      [
        750,
        3.1901662796735764,
        23.281959295272827
      ],
      [
        1000,
        3.10190150141716,
        31.007211923599243
      ],
      [
        1250,
        2.986457332968712,
        38.368210554122925
      ],
      [
        1500,
        2.975021943449974,
        46.55889320373535
      ],
      [
        1750,
        2.8824584037065506,
        54.05162048339844
      ],
      [
        1999,
        2.8332898318767548,
        61.585383892059326
      ]
    ]
  }
}