{
  "archs": {
    "dense_crt": {
      "n_params": 801664,
      "n_attn_params": 264192,
      "val_fp32": 2.439574755728245,
      "quantized": {
        "n4_nor_per_tensor": {
          "n_tiers": 4,
          "reciprocals": false,
          "scale": "per_tensor",
          "val": 7.848854899406433,
          "delta": 5.409280143678188,
          "params_quantized": 801664,
          "avg_unique_tier_values": 5.784313725490196
        },
        "n8_nor_per_tensor": {
          "n_tiers": 8,
          "reciprocals": false,
          "scale": "per_tensor",
          "val": 3.4171799793839455,
          "delta": 0.9776052236557007,
          "params_quantized": 801664,
          "avg_unique_tier_values": 12.254901960784315
        },
        "n16_nor_per_tensor": {
          "n_tiers": 16,
          "reciprocals": false,
          "scale": "per_tensor",
          "val": 3.404290087521076,
          "delta": 0.9647153317928314,
          "params_quantized": 801664,
          "avg_unique_tier_values": 19.96078431372549
        },
        "n32_nor_per_tensor": {
          "n_tiers": 32,
          "reciprocals": false,
          "scale": "per_tensor",
          "val": 3.4040319994091988,
          "delta": 0.964457243680954,
          "params_quantized": 801664,
          "avg_unique_tier_values": 24.235294117647058
        },
        "n4_nor_per_row": {
          "n_tiers": 4,
          "reciprocals": false,
          "scale": "per_row",
          "val": 4.788576230406761,
          "delta": 2.3490014746785164,
          "params_quantized": 801664,
          "avg_unique_tier_values": 5.823529411764706
        },
        "n8_nor_per_row": {
          "n_tiers": 8,
          "reciprocals": false,
          "scale": "per_row",
          "val": 3.1771102994680405,
          "delta": 0.7375355437397957,
          "params_quantized": 801664,
          "avg_unique_tier_values": 12.27450980392157
        },
        "n16_nor_per_row": {
          "n_tiers": 16,
          "reciprocals": false,
          "scale": "per_row",
          "val": 3.2084167823195457,
          "delta": 0.768842026591301,
          "params_quantized": 801664,
          "avg_unique_tier_values": 19.980392156862745
        },
        "n32_nor_per_row": {
          "n_tiers": 32,
          "reciprocals": false,
          "scale": "per_row",
          "val": 3.2085734754800797,
          "delta": 0.7689987197518349,
          "params_quantized": 801664,
          "avg_unique_tier_values": 23.84313725490196
        },
        "n4_rec_per_tensor": {
          "n_tiers": 4,
          "reciprocals": true,
          "scale": "per_tensor",
          "val": 4.2178787142038345,
          "delta": 1.7783039584755898,
          "params_quantized": 801664,
          "avg_unique_tier_values": 9.07843137254902
        },
        "n8_rec_per_tensor": {
          "n_tiers": 8,
          "reciprocals": true,
          "scale": "per_tensor",
          "val": 3.3867647871375084,
          "delta": 0.9471900314092636,
          "params_quantized": 801664,
          "avg_unique_tier_values": 18.07843137254902
        },
        "n16_rec_per_tensor": {
          "n_tiers": 16,
          "reciprocals": true,
          "scale": "per_tensor",
          "val": 3.4041296541690826,
          "delta": 0.9645548984408379,
          "params_quantized": 801664,
          "avg_unique_tier_values": 23.862745098039216
        },
        "n32_rec_per_tensor": {
          "n_tiers": 32,
          "reciprocals": true,
          "scale": "per_tensor",
          "val": 3.4040321484208107,
          "delta": 0.9644573926925659,
          "params_quantized": 801664,
          "avg_unique_tier_values": 24.372549019607842
        },
        "n4_rec_per_row": {
          "n_tiers": 4,
          "reciprocals": true,
          "scale": "per_row",
          "val": 4.287693277001381,
          "delta": 1.8481185212731361,
          "params_quantized": 801664,
          "avg_unique_tier_values": 9.117647058823529
        },
        "n8_rec_per_row": {
          "n_tiers": 8,
          "reciprocals": true,
          "scale": "per_row",
          "val": 3.2172485813498497,
          "delta": 0.7776738256216049,
          "params_quantized": 801664,
          "avg_unique_tier_values": 18.098039215686274
        },
        "n16_rec_per_row": {
          "n_tiers": 16,
          "reciprocals": true,
          "scale": "per_row",
          "val": 3.208352394402027,
          "delta": 0.7687776386737823,
          "params_quantized": 801664,
          "avg_unique_tier_values": 23.352941176470587
        },
        "n32_rec_per_row": {
          "n_tiers": 32,
          "reciprocals": true,
          "scale": "per_row",
          "val": 3.208573505282402,
          "delta": 0.7689987495541573,
          "params_quantized": 801664,
          "avg_unique_tier_values": 23.88235294117647
        }
      }
    },
    "tied_substrate": {
      "n_params": 668536,
      "n_attn_params": 131072,
      "val_fp32": 2.592747889459133,
      "quantized": {
        "n4_nor_per_tensor": {
          "n_tiers": 4,
          "reciprocals": false,
          "scale": "per_tensor",
          "val": 6.7923648953437805,
          "delta": 4.199617005884647,
          "params_quantized": 668536,
          "avg_unique_tier_values": 6.373831775700935
        },
        "n8_nor_per_tensor": {
          "n_tiers": 8,
          "reciprocals": false,
          "scale": "per_tensor",
          "val": 3.584361217916012,
          "delta": 0.9916133284568787,
          "params_quantized": 668536,
          "avg_unique_tier_values": 13.598130841121495
        },
        "n16_nor_per_tensor": {
          "n_tiers": 16,
          "reciprocals": false,
          "scale": "per_tensor",
          "val": 3.6512366607785225,
          "delta": 1.0584887713193893,
          "params_quantized": 668536,
          "avg_unique_tier_values": 22.289719626168225
        },
        "n32_nor_per_tensor": {
          "n_tiers": 32,
          "reciprocals": false,
          "scale": "per_tensor",
          "val": 3.6507833153009415,
          "delta": 1.0580354258418083,
          "params_quantized": 668536,
          "avg_unique_tier_values": 26.14018691588785
        },
        "n4_nor_per_row": {
          "n_tiers": 4,
          "reciprocals": false,
          "scale": "per_row",
          "val": 6.571510136127472,
          "delta": 3.9787622466683388,
          "params_quantized": 668536,
          "avg_unique_tier_values": 6.383177570093458
        },
        "n8_nor_per_row": {
          "n_tiers": 8,
          "reciprocals": false,
          "scale": "per_row",
          "val": 3.2470703125,
          "delta": 0.6543224230408669,
          "params_quantized": 668536,
          "avg_unique_tier_values": 13.607476635514018
        },
        "n16_nor_per_row": {
          "n_tiers": 16,
          "reciprocals": false,
          "scale": "per_row",
          "val": 3.183598607778549,
          "delta": 0.590850718319416,
          "params_quantized": 668536,
          "avg_unique_tier_values": 22.299065420560748
        },
        "n32_nor_per_row": {
          "n_tiers": 32,
          "reciprocals": false,
          "scale": "per_row",
          "val": 3.183070808649063,
          "delta": 0.59032291918993,
          "params_quantized": 668536,
          "avg_unique_tier_values": 25.49532710280374
        },
        "n4_rec_per_tensor": {
          "n_tiers": 4,
          "reciprocals": true,
          "scale": "per_tensor",
          "val": 3.734321117401123,
          "delta": 1.14157322794199,
          "params_quantized": 668536,
          "avg_unique_tier_values": 10.037383177570094
        },
        "n8_rec_per_tensor": {
          "n_tiers": 8,
          "reciprocals": true,
          "scale": "per_tensor",
          "val": 3.504885621368885,
          "delta": 0.9121377319097519,
          "params_quantized": 668536,