{
  "dense_crt_d128": {
    "name": "dense_crt_d128",
    "n_params": 801664,
    "final_val": 2.5777537748217583,
    "wall_time": 29.4541916847229,
    "val_history": [
      [
        0,
        92.43370771408081,
        0.10480189323425293
      ],
      [
        300,
        2.98776376247406,
        5.749638319015503
      ],
      [
        600,
        2.749406397342682,
        11.443394899368286
      ],
      [
        900,
        2.6236911714076996,
        17.755601406097412
      ],
      [
        1200,
        2.625833183526993,
        23.647001028060913
      ],
      [
        1499,
        2.5720113068819046,
        29.286940813064575
      ]
    ]
  },
  "fibgen_K32_cross_d128": {
    "name": "fibgen_K32_cross_d128",
    "n_params": 80640,
    "final_val": 2.7731429114937782,
    "wall_time": 68.29706740379333,
    "val_history": [
      [
        0,
        4.959010422229767,
        0.2481372356414795
      ],
      [
        300,
        3.013837695121765,
        12.847511768341064
      ],
      [
        600,
        2.8200577795505524,
        26.4186954498291
      ],
      [
        900,
        2.7545041888952255,
        40.29787755012512
      ],
      [
        1200,
        2.7303915172815323,
        53.97985577583313
      ],
      [
        1499,
        2.7706514596939087,
        67.88464403152466
      ]
    ]
  },
  "fibgen_K48_cross_d128": {
    "name": "fibgen_K48_cross_d128",
    "n_params": 172800,
    "final_val": 3.380561262369156,
    "wall_time": 67.12795400619507,
    "val_history": [
      [
        0,
        5.754797458648682,
        0.25063228607177734
      ],
      [
        300,
        3.3955775797367096,
        12.87597131729126
      ],
      [
        600,
        3.336452305316925,
        26.21367383003235
      ],
      [
        900,
        3.382943570613861,
        40.708420515060425
      ],
      [
        1200,
        3.315191552042961,
        53.577661752700806
      ],
      [
        1499,
        3.368943616747856,
        66.65013790130615
      ]
    ]
  },
  "fibgen_K64_cross_d128": {
    "name": "fibgen_K64_cross_d128",
    "n_params": 301824,
    "final_val": 3.14856243878603,
    "wall_time": 70.60638308525085,
    "val_history": [
      [
        0,
        6.773499310016632,
        0.2776825428009033
      ],
      [
        300,
        3.4181367307901382,
        14.125115394592285
      ],
      [
        600,
        3.462831512093544,
        28.143824815750122
      ],
      [
        900,
        3.3200928270816803,
        42.273157358169556
      ],
      [
        1200,
        3.213900566101074,
        56.22510004043579
      ],
      [
        1499,
        3.1374357640743256,
        70.1269679069519
      ]
    ]
  },
  "dense_crt_d256": {
    "name": "dense_crt_d256",
    "n_params": 3176192,
    "final_val": 2.609795369207859,
    "wall_time": 56.04413557052612,
    "val_history": [
      [
        0,
        161.71250438690186,
        0.20412397384643555
      ],
      [
        300,
        2.849265456199646,
        11.362962245941162
      ],
      [
        600,
        2.712693303823471,
        22.455364227294922
      ],
      [
        900,
        2.6387286484241486,
        33.4241201877594
      ],
      [
        1200,
        2.643457517027855,
        44.815019369125366
      ],
      [
        1499,
        2.6101625114679337,
        55.74950313568115
      ]
    ]
  },
  "fibgen_K32_cross_d256": {
    "name": "fibgen_K32_cross_d256",
    "n_params": 87552,
    "final_val": 3.3878000900149345,
    "wall_time": 106.72511529922485,
    "val_history": [
      [
        0,
        8.412225127220154,
        0.37620043754577637
      ],
      [
        300,
        3.464435502886772,
        21.080098867416382
      ],
      [
        600,
        3.4064883291721344,
        41.436336278915405
      ],
      [
        900,
        3.3971774727106094,
        62.56101322174072
      ],
      [
        1200,
        3.3972227871418,
        84.17925453186035
      ],
      [
        1499,
        3.376964256167412,
        106.05141234397888
      ]
    ]
  },
  "transformerless_K32_cross": {
    "name": "transformerless_K32_cross",
    "n_params": 213752,
    "final_val": 2.7210510671138763,
    "wall_time": 146.639413356781,
    "val_history": [
      [
        0,
        4.975131928920746,
        0.5788888931274414
      ],
      [
        300,
        2.831327900290489,
        28.722872734069824
      ],
      [
        600,
        2.726919010281563,
        57.86561107635498
      ],
      [
        900,
        2.8697600066661835,
        87.85960483551025
      ],
      [
        1200,
        2.6962520480155945,
        116.93847155570984
      ],
      [
        1499,
        2.7141062021255493,
        145.68027186393738
      ]
    ]
  }
}