{
  "baseline_dense": {
    "name": "baseline_dense",
    "n_params": 801664,
    "best_val": 2.5364165157079697,
    "best_step": 2499,
    "wall": 54.88263440132141,
    "val_history": [
      [
        0,
        91.68861675262451,
        0.12776565551757812
      ],
      [
        250,
        3.0086356550455093,
        5.327399969100952
      ],
      [
        500,
        2.7797079533338547,
        11.054746627807617
      ],
      [
        750,
        2.7068405002355576,
        17.315090894699097
      ],
      [
        1000,
        2.6304962038993835,
        22.860490798950195
      ],
      [
        1250,
        2.6018067598342896,
        28.13729739189148
      ],
      [
        1500,
        2.609904170036316,
        33.682857513427734
      ],
      [
        1750,
        2.5793307423591614,
        39.146010398864746
      ],
      [
        2000,
        2.5525262653827667,
        44.33018159866333
      ],
      [
        2250,
        2.5858452916145325,
        49.40866661071777
      ],
      [
        2499,
        2.5364165157079697,
        54.882566690444946
      ]
    ]
  },
  "subsim_lazy_data": {
    "name": "subsim_lazy_data",
    "n_params": 95104,
    "best_val": 2.6402239203453064,
    "best_step": 2499,
    "wall": 82.32190656661987,
    "val_history": [
      [
        0,
        20.97078514099121,
        0.1927039623260498
      ],
      [
        250,
        2.8688047528266907,
        8.49709153175354
      ],
      [
        500,
        3.0512785762548447,
        16.483516216278076
      ],
      [
        750,
        2.8864706307649612,
        24.49618935585022
      ],
      [
        1000,
        2.8076884895563126,
        32.289450883865356
      ],
      [
        1250,
        2.752319172024727,
        40.01008701324463
      ],
      [
        1500,
        2.758972018957138,
        47.99359464645386
      ],
      [
        1750,
        2.73345984518528,
        56.64985752105713
      ],
      [
        2000,
        2.64628766477108,
        65.49520945549011
      ],
      [
        2250,
        2.677911102771759,
        74.04480528831482
      ],
      [
        2499,
        2.6402239203453064,
        82.32185053825378
      ]
    ]
  },
  "subsim_stofib_depth": {
    "name": "subsim_stofib_depth",
    "n_params": 95104,
    "best_val": 2.6439478993415833,
    "best_step": 2499,
    "wall": 46.74405384063721,
    "val_history": [
      [
        0,
        23.70769727230072,
        0.16910028457641602
      ],
      [
        250,
        3.0002082884311676,
        4.7339160442352295
      ],
      [
        500,
        2.8293994665145874,
        9.360607624053955
      ],
      [
        750,
        2.776395872235298,
        14.25643801689148
      ],
      [
        1000,
        2.7701563984155655,
        19.052313804626465
      ],
      [
        1250,
        2.6902697682380676,
        23.54913020133972
      ],
      [
        1500,
        2.7020885050296783,
        28.110105514526367
      ],
      [
        1750,
        2.7105424255132675,
        32.69742941856384
      ],
      [
        2000,
        2.6472649425268173,
        37.552560329437256
      ],
      [
        2250,
        2.6584959775209427,
        42.15896391868591
      ],
      [
        2499,
        2.6439478993415833,
        46.74399542808533
      ]
    ]
  }
}