{
  "distractor_frac": 0.2,
  "steps": 1500,
  "seeds": [
    42,
    7,
    123
  ],
  "per_seed": [
    {
      "seed": 42,
      "archs": {
        "crt_only": {
          "final_val": 2.489037424325943,
          "n_params": 801664,
          "time": 179.09238076210022
        },
        "hybrid_score": {
          "final_val": 2.5615884512662888,
          "n_params": 801664,
          "time": 364.54534578323364
        },
        "hybrid_learned": {
          "final_val": 2.56733367840449,
          "n_params": 801672,
          "time": 198.41166067123413
        }
      }
    },
    {
      "seed": 7,
      "archs": {
        "crt_only": {
          "final_val": 2.44303992887338,
          "n_params": 801664,
          "time": 190.2751886844635
        },
        "hybrid_score": {
          "final_val": 2.521225258708,
          "n_params": 801664,
          "time": 412.4230148792267
        },
        "hybrid_learned": {
          "final_val": 2.540468230843544,
          "n_params": 801672,
          "time": 201.77621793746948
        }
      }
    },
    {
      "seed": 123,
      "archs": {
        "crt_only": {
          "final_val": 2.446283350388209,
          "n_params": 801664,
          "time": 193.65492463111877
        },
        "hybrid_score": {
          "final_val": 2.5635527471701303,
          "n_params": 801664,
          "time": 443.05237317085266
        },
        "hybrid_learned": {
          "final_val": 2.5743578473726907,
          "n_params": 801672,
          "time": 200.47732877731323
        }
      }
    }
  ],
  "summary": {
    "crt_only": {
      "mean": 2.4594535678625107,
      "std": 0.02567164521836179,
      "vals": [
        2.489037424325943,
        2.44303992887338,
        2.446283350388209
      ]
    },
    "hybrid_score": {
      "mean": 2.5487888190481396,
      "std": 0.023890939884563932,
      "vals": [
        2.5615884512662888,
        2.521225258708,
        2.5635527471701303
      ]
    },
    "hybrid_learned": {
      "mean": 2.5607199188735748,
      "std": 0.01788666789742379,
      "vals": [
        2.56733367840449,
        2.540468230843544,
        2.5743578473726907
      ]
    }
  }
}