{
  "baseline_K32_full": {
    "name": "baseline_K32_full",
    "n_params": 95104,
    "best_val": 2.6793211549520493,
    "best_step": 2499,
    "wall": 78.0447690486908,
    "val_history": [
      [
        0,
        20.966331601142883,
        0.1817307472229004
      ],
      [
        250,
        2.8430649787187576,
        8.045310735702515
      ],
      [
        500,
        2.8598823845386505,
        16.188220739364624
      ],
      [
        750,
        3.085813030600548,
        23.725351333618164
      ],
      [
        1000,
        2.9364031553268433,
        31.371244192123413
      ],
      [
        1250,
        2.8267470002174377,
        38.82318043708801
      ],
      [
        1500,
        2.826138973236084,
        46.69310784339905
      ],
      [
        1750,
        2.7323348224163055,
        54.43709945678711
      ],
      [
        2000,
        2.686379551887512,
        62.3316707611084
      ],
      [
        2250,
        2.697073683142662,
        70.3813202381134
      ],
      [
        2499,
        2.6793211549520493,
        78.0447027683258
      ]
    ],
    "schedule": [
      [
        0,
        32
      ]
    ]
  },
  "progressive_fib": {
    "name": "progressive_fib",
    "n_params": 95104,
    "best_val": 2.7922202348709106,
    "best_step": 2000,
    "wall": 74.7186508178711,
    "val_history": [
      [
        0,
        27.005648493766785,
        0.1809101104736328
      ],
      [
        250,
        18.470588445663452,
        7.332420825958252
      ],
      [
        500,
        8.72086226940155,
        14.533427000045776
      ],
      [
        750,
        5.841539204120636,
        21.768526554107666
      ],
      [
        1000,
        5.072281926870346,
        28.969680547714233
      ],
      [
        1250,
        4.483805477619171,
        36.146074533462524
      ],
      [
        1500,
        3.7604217529296875,
        43.74679088592529
      ],
      [
        1750,
        3.0143652707338333,
        51.34150433540344
      ],
      [
        2000,
        2.7922202348709106,
        59.576048135757446
      ],
      [
        2250,
        3.123690813779831,
        67.36813759803772
      ],
      [
        2499,
        2.9016036093235016,
        74.71860694885254
      ]
    ],
    "schedule": [
      [
        0,
        3
      ],
      [
        416,
        5
      ],
      [
        832,
        8
      ],
      [
        1248,
        13
      ],
      [
        1664,
        21
      ],
      [
        2080,
        32
      ]
    ]
  },
  "reverse_progressive": {
    "name": "reverse_progressive",
    "n_params": 95104,
    "best_val": 2.8688047528266907,
    "best_step": 250,
    "wall": 78.50213646888733,
    "val_history": [
      [
        0,
        20.97078514099121,
        0.17554235458374023
      ],
      [
        250,
        2.8688047528266907,
        8.148244619369507
      ],
      [
        500,
        5.0635912120342255,
        16.05128026008606
      ],
      [
        750,
        5.530736654996872,
        24.471347093582153
      ],
      [
        1000,
        7.738229840993881,
        32.42582106590271
      ],
      [
        1250,
        6.979359269142151,
        40.28306221961975
      ],
      [
        1500,
        7.784403383731842,
        47.87631559371948
      ],
      [
        1750,
        8.08842796087265,
        55.8472900390625
      ],
      [
        2000,
        8.72640573978424,
        63.26276469230652
      ],
      [
        2250,
        9.254107534885406,
        70.82685375213623
      ],
      [
        2499,
        9.217230081558228,
        78.50207877159119
      ]
    ],
    "schedule": [
      [
        0,
        32
      ],
      [
        416,
        21
      ],
      [
        832,
        13
      ],
      [
        1248,
        8
      ],
      [
        1664,
        5
      ],
      [
        2080,
        3
      ]
    ]
  }
}