{
  "distractor_frac": 0.2,
  "steps": 1500,
  "seeds": [
    42,
    7,
    123
  ],
  "per_seed": [
    {
      "seed": 42,
      "archs": {
        "crt_only": {
          "final_val": 2.489037424325943,
          "n_params": 801664,
          "time": 192.17516565322876
        },
        "hybrid_geodesic": {
          "final_val": 2.4765012909968696,
          "n_params": 801668,
          "time": 191.48323893547058
        }
      }
    },
    {
      "seed": 7,
      "archs": {
        "crt_only": {
          "final_val": 2.44303992887338,
          "n_params": 801664,
          "time": 193.8185133934021
        },
        "hybrid_geodesic": {
          "final_val": 2.4366588791211448,
          "n_params": 801668,
          "time": 194.7872016429901
        }
      }
    },
    {
      "seed": 123,
      "archs": {
        "crt_only": {
          "final_val": 2.446283350388209,
          "n_params": 801664,
          "time": 184.27038073539734
        },
        "hybrid_geodesic": {
          "final_val": 2.4385375479857125,
          "n_params": 801668,
          "time": 195.92673778533936
        }
      }
    }
  ],
  "summary": {
    "crt_only": {
      "mean": 2.4594535678625107,
      "std": 0.02567164521836179,
      "vals": [
        2.489037424325943,
        2.44303992887338,
        2.446283350388209
      ]
    },
    "hybrid_geodesic": {
      "mean": 2.450565906034576,
      "std": 0.022480335718855732,
      "vals": [
        2.4765012909968696,
        2.4366588791211448,
        2.4385375479857125
      ]
    }
  }
}