{
  "results": {
    "Q0": {
      "vals": [
        2.96439205010732,
        3.2229747931162516,
        2.8303927103678386
      ],
      "mean": 3.005919851197137,
      "std": 0.19955849172933476
    },
    "Q1": {
      "vals": [
        3.4802677392959596,
        3.147650456428528,
        2.8683457454045613
      ],
      "mean": 3.165421313709683,
      "std": 0.30634781569057495
    },
    "Q2": {
      "vals": [
        2.897973410288493,
        3.229221320152283,
        3.236746565500895
      ],
      "mean": 3.1213137653138907,
      "std": 0.19345501535639265
    }
  },
  "config": {
    "seeds": "42,7,123",
    "steps": 1500,
    "lr": 0.005,
    "seq_len": 32,
    "d_model": 32,
    "n_heads": 4,
    "ff_dim": 64,
    "n_blocks": 4,
    "alpha": 1.0,
    "gamma": 0.2,
    "variants": "Q0,Q1,Q2",
    "out": "results_torch_substrate_q.json"
  },
  "best": "Q0"
}