{
  "results": {
    "Q0": {
      "vals": [
        2.96439205010732,
        3.2229747931162516,
        2.8303927103678386,
        3.37033482392629,
        3.2023229678471883,
        3.175572896003723
      ],
      "mean": 3.127665040228102,
      "std": 0.19538190761718452
    },
    "Q6": {
      "vals": [
        2.769771114985148,
        3.075004720687866,
        2.2429317394892374,
        2.660076308250427,
        2.959272583325704,
        2.7790963729222615
      ],
      "mean": 2.7476921399434406,
      "std": 0.28838623835170696
    }
  },
  "config": {
    "seeds": "42,7,123,2026,99,1",
    "steps": 1500,
    "lr": 0.005,
    "seq_len": 32,
    "d_model": 32,
    "n_heads": 4,
    "ff_dim": 64,
    "n_blocks": 4,
    "alpha": 1.0,
    "beta": 0.1,
    "gamma": 0.5,
    "variants": "Q0,Q6",
    "out": "results_torch_substrate_q6_confirm.json"
  },
  "best": "Q6"
}