{
  "results": {
    "V0": {
      "vals": [
        3.0253923575083417,
        3.324880846341451,
        2.9008992592493694
      ],
      "mean": 3.083724154366388,
      "std": 0.21792669740487583
    },
    "V1": {
      "vals": [
        2.96439205010732,
        3.2229747931162516,
        2.8303927103678386
      ],
      "mean": 3.005919851197137,
      "std": 0.19955849172933476
    },
    "V2": {
      "vals": [
        3.359824291865031,
        3.325507640838623,
        3.39436887105306
      ],
      "mean": 3.3599002679189045,
      "std": 0.034430677976653196
    }
  },
  "config": {
    "seeds": "42,7,123",
    "steps": 1500,
    "lr": 0.005,
    "seq_len": 32,
    "d_model": 32,
    "n_heads": 4,
    "ff_dim": 64,
    "n_blocks": 4,
    "alpha": 1.0,
    "gamma": 0.2,
    "variants": "V0,V1,V2",
    "out": "results_torch_substrate_v.json"
  },
  "best": "V1"
}