{
  "results": {
    "L0": {
      "train": [
        3.2836974906921386,
        3.341631531715393,
        3.283902058601379
      ],
      "val": [
        3.341387875874837,
        3.244919284184774,
        3.337238574028015
      ],
      "n_params": 37889,
      "train_mean": 3.3030770270029706,
      "val_mean": 3.3078485780292084,
      "val_std": 0.05453784185566415
    },
    "L1": {
      "train": [
        3.286557741165161,
        3.1191217947006225,
        2.883688154220581
      ],
      "val": [
        3.343192450205485,
        2.996395452817281,
        2.9558159987131756
      ],
      "n_params": 33793,
      "train_mean": 3.096455896695455,
      "val_mean": 3.098467967245314,
      "val_std": 0.2129066167218368
    }
  },
  "config": {
    "seeds": "42,7,123",
    "steps": 1500,
    "lr": 0.005,
    "seq_len": 32,
    "d_model": 32,
    "n_heads": 4,
    "ff_dim": 64,
    "n_blocks": 4,
    "out": "results_torch_multihead_tinyshakespeare.json"
  }
}