{
  "results": {
    "L0": {
      "train": [
        3.283162822723389,
        3.264429683685303,
        3.1524004983901976
      ],
      "val": [
        3.3391087452570596,
        3.139909338951111,
        3.2283344745635985
      ],
      "n_params": 33793,
      "train_mean": 3.23333100159963,
      "val_mean": 3.235784186257256,
      "val_std": 0.09980843912916164
    },
    "L1": {
      "train": [
        3.2207405948638916,
        3.1811849784851076,
        3.175626826286316
      ],
      "val": [
        3.2589565674463907,
        3.0548583904902142,
        3.2123352845509845
      ],
      "n_params": 29697,
      "train_mean": 3.1925174665451053,
      "val_mean": 3.1753834141625297,
      "val_std": 0.10694903928092364
    }
  },
  "config": {
    "seeds": "42,7,123",
    "steps": 1500,
    "lr": 0.005,
    "seq_len": 32,
    "d_model": 32,
    "ff_dim": 64,
    "n_blocks": 4,
    "out": "results_torch_multiblock_tinyshakespeare.json"
  }
}