{
  "n_blocks": 4,
  "seeds": [
    42,
    7,
    123,
    2026,
    1
  ],
  "steps": 300,
  "results": {
    "L0": {
      "losses": [
        2.937954878807068,
        2.9502835512161254,
        3.0963483095169066,
        3.2342292070388794,
        2.9441004514694216
      ],
      "n_params": 8507,
      "mean": 3.03258327960968,
      "std": 0.1306560843356162
    },
    "L1": {
      "losses": [
        2.973042130470276,
        2.9512301445007325,
        2.9849873065948485,
        3.100324511528015,
        2.9793745994567873
      ],
      "n_params": 7483,
      "mean": 2.9977917385101316,
      "std": 0.05872954785528058
    },
    "L2": {
      "losses": [
        2.977765130996704,
        2.9319735288619997,
        2.9747127294540405,
        2.9535059452056887,
        2.9803151845932008
      ],
      "n_params": 6459,
      "mean": 2.963654503822327,
      "std": 0.020649756981362663
    },
    "L3": {
      "losses": [
        2.9550033092498778,
        2.992721915245056,
        2.9845948696136473,
        3.056975221633911,
        2.709749150276184
      ],
      "n_params": 5435,
      "mean": 2.939808893203735,
      "std": 0.13387669298389532
    }
  }
}