{
  "results": {
    "L0": {
      "losses": [
        3.4411252880096437
      ],
      "n_params": 11617,
      "mean": 3.4411252880096437,
      "std": 0.0
    },
    "L1": {
      "losses": [
        3.4598265314102172
      ],
      "n_params": 10593,
      "mean": 3.4598265314102172,
      "std": 0.0
    },
    "L2": {
      "losses": [
        3.404081630706787
      ],
      "n_params": 9569,
      "mean": 3.404081630706787,
      "std": 0.0
    },
    "L3": {
      "losses": [
        3.416767330169678
      ],
      "n_params": 8545,
      "mean": 3.416767330169678,
      "std": 0.0
    }
  },
  "config": {
    "seeds": "42",
    "steps": 100,
    "lr": 0.005,
    "seq_len": 32,
    "d_model": 32,
    "ff_dim": 64,
    "out": "results_torch_tinyshakespeare.json"
  }
}