{"mean":{"confidence_interval":{"confidence_level":0.95,"lower_bound":0.0018876646149864175,"upper_bound":0.015113489171144892},"point_estimate":0.006925765402214568,"standard_error":0.003471463845862306},"median":{"confidence_interval":{"confidence_level":0.95,"lower_bound":-0.0007138598370561855,"upper_bound":0.005370078997096073},"point_estimate":0.0016613793791395715,"standard_error":0.0015695890049285384}}