{"mean":{"confidence_interval":{"confidence_level":0.95,"lower_bound":-0.007271382939084803,"upper_bound":-0.004216620843327079},"point_estimate":-0.005702150185841859,"standard_error":0.0007779111421706695},"median":{"confidence_interval":{"confidence_level":0.95,"lower_bound":-0.006150742537923026,"upper_bound":-0.002502852194243843},"point_estimate":-0.00445422419115471,"standard_error":0.0009287217396037221}}