{"mean":{"confidence_interval":{"confidence_level":0.95,"lower_bound":-0.009703384342486396,"upper_bound":-0.005383403299580051},"point_estimate":-0.007502486698947819,"standard_error":0.0011061345695966404},"median":{"confidence_interval":{"confidence_level":0.95,"lower_bound":-0.005714162657706412,"upper_bound":-0.0021903072802739176},"point_estimate":-0.0036002837990576353,"standard_error":0.0008891578334749273}}